eQkpaikka;tili;Kausi;period;eur
1001;31023;2020;10;-4869,3
1001;6110;2020;10;-289,02
1002;31023;2020;10;-3987,6
1002;31323;2020;10;-1067,11
1002;6110;2020;10;-234,34
1002;6211;2020;10;1067,11
1003;31023;2020;10;-6515,06
1003;31323;2020;10;-1422,81
1003;6110;2020;10;-321,51
1003;6211;2020;10;1422,81
1005;31023;2020;10;-4201,78
1005;5360;2020;10;2615,32
1005;6110;2020;10;-208,01
1006;31023;2020;10;-9841,07
1006;32133;2020;10;-109,06
1006;6110;2020;10;-283,82
1006;6800;2020;10;109,06
1007;31023;2020;10;-9031,31
1007;6110;2020;10;-230,94
1008;31023;2020;10;-9031,31
1008;32133;2020;10;-82,39
1008;6110;2020;10;-285,18
1008;6800;2020;10;82,39
1009;31023;2020;10;-9031,31
1009;31323;2020;10;-3795,09
1009;6110;2020;10;-425,03
1009;6211;2020;10;3795,09
1010;31023;2020;10;-40714,88
1010;6110;2020;10;-1161,93
1012;31023;2020;10;-13506,95
1012;31323;2020;10;-3220,63
1012;6110;2020;10;-382,09
1012;6211;2020;10;3220,63
1013;31023;2020;10;-28714,91
1013;6110;2020;10;-719,95
1014;31023;2020;10;-40838,45
1014;6110;2020;10;-1046,26
1015;31023;2020;10;-13501,43
1015;6110;2020;10;-521,33
1015;6900;2020;10;312,48
1016;31023;2020;10;-12685,21
1016;6110;2020;10;-373,08
1017;31023;2020;10;-4290,16
1017;31323;2020;10;-18,71
1017;6110;2020;10;-315,37
1017;6800;2020;10;367,5
1018;31023;2020;10;-9072,03
1018;6110;2020;10;-289,52
1022;31023;2020;10;-23500,26
1022;31093;2020;10;-9831,39
1022;5360;2020;10;1858,48
1022;5900;2020;10;425,71
1022;6110;2020;10;-402,09
1022;6800;2020;10;6639,43
1022;6900;2020;10;268126,01
1028;31023;2020;10;-30173,55
1028;6110;2020;10;-904,71
1029;5360;2020;10;917,05
1029;5900;2020;10;268,83
1029;6110;2020;10;-402,08
1029;6800;2020;10;634,66
1031;31023;2020;10;-20006,05
1031;6110;2020;10;-386,93
1031;6900;2020;10;2881,07
1033;31023;2020;10;-9296,72
1033;32133;2020;10;-75,31
1033;6110;2020;10;-297,43
1033;6800;2020;10;75,31
1034;31023;2020;10;-15364,82
1034;6110;2020;10;-376,9
1037;31023;2020;10;-23393,68
1037;6110;2020;10;-888,34
1037;6900;2020;10;233,35
1038;31023;2020;10;-7397,63
1038;31083;2020;10;-158,17
1038;31093;2020;10;-1231,42
1038;32013;2020;10;-129,04
1038;34193;2020;10;-1316,67
1038;6230;2020;10;1295,21
1039;31023;2020;10;-10480,78
1039;32133;2020;10;-1249,6
1039;6110;2020;10;-275,88
1039;6800;2020;10;50
1046;31023;2020;10;-20092,78
1046;6110;2020;10;-265,24
1047;31023;2020;10;-19426,23
1047;31323;2020;10;-6711,05
1047;6110;2020;10;-404,65
1047;6211;2020;10;6711,05
1048;31023;2020;10;-12491,53
1048;5360;2020;10;2976
1048;6110;2020;10;-225,14
1049;31023;2020;10;-41919,98
1049;6110;2020;10;-456,85
1049;6211;2020;10;7829,23
1050;31023;2020;10;-13797,22
1050;6110;2020;10;-283,45
1051;31023;2020;10;-43437,21
1051;5360;2020;10;8700,77
1051;6110;2020;10;-735,08
1052;31023;2020;10;-30373,81
1052;6110;2020;10;-330,12
1053;31023;2020;10;-39522,04
1053;6110;2020;10;-432,48
1055;31023;2020;10;-14031,84
1055;6110;2020;10;-648,2
1056;31023;2020;10;-9006,35
1056;31323;2020;10;-3418,86
1056;32193;2020;10;-153,41
1056;5331;2020;10;1160,64
1056;5377;2020;10;43,39
1056;5378;2020;10;-16,7
1057;31023;2020;10;-13751,04
1057;32193;2020;10;-153,41
1057;5331;2020;10;1160,64
1057;5377;2020;10;49,97
1057;5480;2020;10;248
1057;80224;2020;10;-18,46
1061;31023;2020;10;-11057,94
1061;31323;2020;10;-4344,36
1061;6110;2020;10;-371,97
1061;6211;2020;10;4344,36
1063;31023;2020;10;-24298,94
1063;32193;2020;10;-118,5
1063;5331;2020;10;1160,64
1063;5377;2020;10;46,11
1063;5464;2020;10;237
1063;6110;2020;10;-176,45
1063;8700;2020;10;0,08
1064;31023;2020;10;-45044,98
1064;31323;2020;10;-7412
1064;6110;2020;10;-808,14
1064;6211;2020;10;7412
1064;6900;2020;10;40383,7
1066;31023;2020;10;-8737,57
1066;32133;2020;10;-5737,19
1066;6110;2020;10;-471,07
1066;6800;2020;10;6187,19
1070;31023;2020;10;-13775,68
1070;31323;2020;10;-3055,66
1070;32193;2020;10;-153,41
1070;5331;2020;10;1160,64
1070;5377;2020;10;45,42
1070;6211;2020;10;1527,83
1070;80224;2020;10;-23,77
1073;31023;2020;10;-35443,05
1073;32133;2020;10;-245
1073;6110;2020;10;-505,06
1073;6800;2020;10;245
1074;31023;2020;10;-25578,24
1074;32193;2020;10;-153,41
1074;5331;2020;10;1160,64
1074;5377;2020;10;46,96
1074;6110;2020;10;-14,71
1075;31023;2020;10;-30941,42
1075;5331;2020;10;1160,64
1075;5377;2020;10;46,96
1075;6110;2020;10;-191,36
1076;31023;2020;10;-15511,01
1076;6110;2020;10;-319,28
1077;31023;2020;10;-12830,7
1077;5360;2020;10;2976
1077;6110;2020;10;-400,05
1078;31023;2020;10;-17251,93
1078;31323;2020;10;-10175,56
1078;32193;2020;10;-153,41
1078;5331;2020;10;1082,52
1078;5377;2020;10;45,42
1078;5531;2020;10;481,08
1078;6110;2020;10;-711,37
1079;31023;2020;10;-48305,38
1079;31323;2020;10;-20457,36
1079;32193;2020;10;1058,91
1079;5331;2020;10;1082,52
1079;5377;2020;10;45,42
1079;5531;2020;10;1212,32
1079;6110;2020;10;-580,53
1080;31023;2020;10;-19648,39
1080;31323;2020;10;-3808,47
1080;6110;2020;10;-242,57
1080;6211;2020;10;3808,47
1081;31023;2020;10;-19572,54
1081;6110;2020;10;-245,61
1083;31023;2020;10;-116080,97
1083;31083;2020;10;-12108,81
1083;32193;2020;10;-500
1083;5331;2020;10;1082,52
1083;5377;2020;10;55,87
1083;5480;2020;10;272,8
1083;5800;2020;10;500
1083;6220;2020;10;20333,76
1083;6222;2020;10;1287,6
1083;80224;2020;10;-29,41
1085;31023;2020;10;-9067,32
1085;31323;2020;10;-1479,81
1085;6110;2020;10;-241,92
1086;31023;2020;10;-9982,36
1086;31323;2020;10;-7576,94
1086;6110;2020;10;-265,82
1087;31023;2020;10;-9601,63
1087;31323;2020;10;-2398,25
1087;5376;2020;10;248
1087;6110;2020;10;-389,46
1087;6211;2020;10;2398,25
1088;31023;2020;10;-3906
1088;32133;2020;10;519,35
1088;6110;2020;10;-264,72
1092;31023;2020;10;-27301,37
1092;32133;2020;10;-245
1092;5376;2020;10;496
1092;6110;2020;10;-869,91
1092;6800;2020;10;245
1092;6900;2020;10;27578,34
1094;31023;2020;10;-36039,31
1094;31323;2020;10;2580,57
1094;32113;2020;10;-730,97
1094;5331;2020;10;1160,64
1094;5377;2020;10;43,84
1094;6211;2020;10;2742,87
1096;5360;2020;10;14332,2
1096;6110;2020;10;-517,64
1096;6800;2020;10;910,34
1097;31023;2020;10;-42500
1097;31093;2020;10;-13471,67
1097;5377;2020;10;42,94
1097;5431;2020;10;659,68
1097;5433;2020;10;356,43
1097;5445;2020;10;102,92
1097;5448;2020;10;2979,5
1097;5480;2020;10;595,2
1097;5531;2020;10;608,84
1097;5700;2020;10;1602,53
1097;5800;2020;10;906,07
1097;5900;2020;10;3714,12
1097;6000;2020;10;1284,22
1097;6110;2020;10;-922,72
1097;6462;2020;10;673,47
1097;6470;2020;10;12307
1097;6532;2020;10;61,02
1097;6541;2020;10;488,56
1097;6550;2020;10;1158,03
1098;31023;2020;10;-45654,64
1098;32193;2020;10;-1250
1098;5331;2020;10;1160,64
1098;5377;2020;10;41,42
1098;5800;2020;10;1250
1098;6110;2020;10;-226,99
1099;31023;2020;10;-46439,05
1099;32193;2020;10;-153,41
1099;5331;2020;10;1160,64
1099;5377;2020;10;45,42
1099;6110;2020;10;-414,63
1100;31023;2020;10;-45008,69
1100;34193;2020;10;-304,83
1100;5331;2020;10;1160,64
1100;5377;2020;10;45,42
1100;6110;2020;10;-385,51
1100;6300;2020;10;30465,86
1102;31023;2020;10;-59416,95
1102;31093;2020;10;-14786,83
1102;5377;2020;10;54,71
1102;54315;2020;10;1008,79
1102;54415;2020;10;2243,71
1102;54505;2020;10;263,72
1102;54535;2020;10;32,87
1102;56315;2020;10;2119,73
1102;56465;2020;10;114,6
1102;57005;2020;10;1742,74
1102;59005;2020;10;1442,96
1102;60005;2020;10;808,12
1102;6110;2020;10;-771,81
1102;64625;2020;10;285,2
1102;65505;2020;10;371,64
1103;31023;2020;10;-43472,57
1103;31323;2020;10;0,31
1103;34193;2020;10;-304,83
1103;5331;2020;10;1160,64
1103;5377;2020;10;45,38
1103;6110;2020;10;-376,49
1104;31023;2020;10;-36468,63
1104;34193;2020;10;-304,83
1104;5331;2020;10;1160,64
1104;5377;2020;10;43,84
1104;6110;2020;10;-250,97
1105;31023;2020;10;-35880,9
1105;32193;2020;10;-153,41
1105;5331;2020;10;1160,64
1105;5377;2020;10;49,67
1105;5800;2020;10;261
1105;6110;2020;10;-153,35
1107;31023;2020;10;-33088,83
1107;32193;2020;10;-153,41
1107;5331;2020;10;1160,64
1107;5377;2020;10;48,13
1107;6110;2020;10;-132,72
1108;31023;2020;10;-29987,29
1108;32193;2020;10;-245
1108;5331;2020;10;1160,64
1108;5377;2020;10;48,13
1108;5800;2020;10;245
1108;6110;2020;10;-378,48
1109;31023;2020;10;-29686,99
1109;31323;2020;10;5604,72
1109;32113;2020;10;1593,33
1109;32123;2020;10;5788,13
1109;32193;2020;10;-198,96
1109;5331;2020;10;1160,64
1109;5377;2020;10;48,13
1109;5480;2020;10;22,32
1109;5531;2020;10;198,96
1109;6110;2020;10;17,24
1109;6211;2020;10;1930,09
1109;6570;2020;10;4591,1
1111;31023;2020;10;-24734,96
1111;5377;2020;10;41,42
1111;5800;2020;10;245
1111;6110;2020;10;-123,67
1112;31023;2020;10;-25788,88
1112;5331;2020;10;1160,64
1112;5377;2020;10;39,84
1112;6110;2020;10;-407,83
1113;31023;2020;10;-22266,71
1113;32193;2020;10;-640
1113;5331;2020;10;1160,64
1113;5377;2020;10;45,42
1113;5800;2020;10;640
1113;6110;2020;10;-356,06
1115;31023;2020;10;-19994,18
1115;32083;2020;10;-2405,83
1115;32193;2020;10;-153,41
1115;5331;2020;10;1160,64
1115;5377;2020;10;46,96
1115;5700;2020;10;598,59
1115;6110;2020;10;19,88
1117;32113;2020;10;218,19
1117;32123;2020;10;1202,4
1117;5331;2020;10;1257,36
1117;5377;2020;10;54,39
1117;5431;2020;10;272,8
1117;5800;2020;10;609,71
1117;5900;2020;10;327,55
1117;6110;2020;10;23,69
1118;31023;2020;10;-38836,58
1118;31323;2020;10;-5652,04
1118;32193;2020;10;-153,41
1118;5331;2020;10;1160,64
1118;5377;2020;10;43,84
1118;6110;2020;10;369,41
1118;6211;2020;10;5652,04
1119;31023;2020;10;-28902,36
1119;5331;2020;10;1160,64
1119;5377;2020;10;45,42
1119;6110;2020;10;-1242,87
1120;31023;2020;10;-29831,84
1120;32193;2020;10;-153,41
1120;5331;2020;10;1160,64
1120;5377;2020;10;43,84
1120;6110;2020;10;-255,28
1121;31023;2020;10;-22889,87
1121;32123;2020;10;-10334,65
1121;32193;2020;10;-672
1121;3500;2020;10;-6919,43
1121;5331;2020;10;1160,64
1121;5377;2020;10;38,04
1121;6110;2020;10;-125,69
1121;6300;2020;10;5167,31
1122;31023;2020;10;-45978,77
1122;32193;2020;10;-76,47
1122;5331;2020;10;1160,64
1122;5377;2020;10;48,54
1122;5441;2020;10;152,94
1122;5800;2020;10;1286,54
1122;6110;2020;10;-181,07
1123;31023;2020;10;-18292,47
1123;31323;2020;10;-6479,22
1123;6110;2020;10;-518,51
1123;6211;2020;10;6479,22
1124;31023;2020;10;-33210,95
1124;5331;2020;10;1160,64
1124;5377;2020;10;45,42
1124;6110;2020;10;-52,76
1125;31023;2020;10;-8763,36
1125;5331;2020;10;1160,64
1125;5377;2020;10;45,42
1125;6110;2020;10;-138,15
1127;31023;2020;10;-46110,37
1127;32193;2020;10;-153,41
1127;5331;2020;10;1160,64
1127;5377;2020;10;46,96
1127;6110;2020;10;-10,97
1128;31023;2020;10;-20263,91
1128;5331;2020;10;1160,64
1128;5377;2020;10;45,42
1128;6110;2020;10;-0,57
1129;31023;2020;10;-22114,8
1129;32193;2020;10;-153,41
1129;5331;2020;10;1160,64
1129;5377;2020;10;45,42
1129;6110;2020;10;32,58
1129;6211;2020;10;2147,6
1130;31023;2020;10;-10568,24
1130;32193;2020;10;-153,41
1130;5331;2020;10;1160,64
1130;5377;2020;10;45,42
1130;6110;2020;10;56,67
1131;13820;2020;10;130408
1131;31023;2020;10;-106018
1131;31093;2020;10;-86682,5
1131;32190;2020;10;-24,96
1131;34193;2020;10;-22055,89
1131;53310;2020;10;6150
1131;5377;2020;10;66,88
1131;53780;2020;10;17,06
1131;54300;2020;10;9663,33
1131;54330;2020;10;894,32
1131;54410;2020;10;2193,75
1131;54450;2020;10;4428,11
1131;54490;2020;10;2440,9
1131;54500;2020;10;141,25
1131;54530;2020;10;4086,83
1131;5464;2020;10;10,89
1131;54640;2020;10;445,28
1131;54800;2020;10;129,93
1131;55310;2020;10;2683,98
1131;55320;2020;10;88
1131;56310;2020;10;9549,27
1131;56320;2020;10;880,06
1131;56460;2020;10;288,2
1131;56800;2020;10;653,5
1131;57000;2020;10;4003,48
1131;58000;2020;10;1120,8
1131;59000;2020;10;10881,29
1131;60000;2020;10;324,49
1131;60400;2020;10;5,15
1131;6110;2020;10;-1682,75
1131;64620;2020;10;3554,66
1131;65320;2020;10;308,2
1131;65400;2020;10;9155,61
1131;65410;2020;10;7716,53
1131;65500;2020;10;730,31
1131;67500;2020;10;165
1131;80224;2020;10;-10,96
1131;8028;2020;10;-1,18
1132;13825;2020;10;78015,63
1132;31023;2020;10;-95137,65
1132;31043;2020;10;-1317,28
1132;31083;2020;10;-2000
1132;31093;2020;10;-2913,86
1132;34193;2020;10;-6630,26
1132;53315;2020;10;4036,83
1132;5360;2020;10;36103,51
1132;5376;2020;10;2956,16
1132;5377;2020;10;62,63
1132;5379;2020;10;2,95
1132;54315;2020;10;2525,71
1132;54335;2020;10;74,51
1132;54485;2020;10;442,57
1132;54505;2020;10;27,78
1132;54805;2020;10;160,95
1132;56325;2020;10;68,75
1132;56465;2020;10;447,74
1132;56805;2020;10;34,56
1132;57005;2020;10;2803,64
1132;58005;2020;10;1248,26
1132;59005;2020;10;1520,93
1132;60005;2020;10;3636,75
1132;6110;2020;10;78,56
1132;61105;2020;10;157,06
1132;6180;2020;10;-354,79
1132;64620;2020;10;59,68
1132;65325;2020;10;167,05
1132;65415;2020;10;270,05
1132;6550;2020;10;2347,51
1133;31023;2020;10;-202921,08
1133;31033;2020;10;-29717,68
1133;31043;2020;10;-412,72
1133;31080;2020;10;-8806,93
1133;31093;2020;10;-86052,36
1133;32010;2020;10;-13618,94
1133;32060;2020;10;-21925,17
1133;32190;2020;10;-81,19
1133;34193;2020;10;-2766,42
1133;53310;2020;10;7866
1133;5377;2020;10;57,08
1133;5389;2020;10;35
1133;54300;2020;10;11217,72
1133;54310;2020;10;2410,28
1133;54330;2020;10;1839,66
1133;54410;2020;10;4564,34
1133;54430;2020;10;730,8
1133;54450;2020;10;650
1133;54470;2020;10;3922,5
1133;54490;2020;10;609
1133;54500;2020;10;307,01
1133;54530;2020;10;741,33
1133;54640;2020;10;1466,4
1133;54800;2020;10;1434,13
1133;54910;2020;10;39,84
1133;55315;2020;10;877,5
1133;56310;2020;10;2435
1133;56460;2020;10;215,36
1133;56800;2020;10;609,06
1133;57000;2020;10;5121,89
1133;58000;2020;10;2631,65
1133;59000;2020;10;22004,52
1133;60000;2020;10;4042,08
1133;60800;2020;10;6261,81
1133;6110;2020;10;-3269,12
1133;62220;2020;10;101,61
1133;64620;2020;10;556,22
1133;64700;2020;10;234,93
1133;65320;2020;10;799,51
1133;65400;2020;10;193,26
1133;65410;2020;10;154
1133;65500;2020;10;1112,42
1133;65700;2020;10;700
1133;6611;2020;10;-11962,37
1133;67500;2020;10;24141,55
1133;8700;2020;10;0,27
1134;31023;2020;10;-20193,52
1134;31093;2020;10;-7774,89
1134;32063;2020;10;-474,8
1134;6230;2020;10;7038,93
1136;31023;2020;10;-60540,16
1136;31093;2020;10;-17903,33
1136;53310;2020;10;3960
1136;5377;2020;10;57,84
1136;54310;2020;10;544
1136;54330;2020;10;70
1136;54410;2020;10;823,61
1136;54480;2020;10;340
1136;54500;2020;10;211,32
1136;54530;2020;10;284,76
1136;54640;2020;10;246,7
1136;56310;2020;10;860
1136;56460;2020;10;51,36
1136;57000;2020;10;5133,05
1136;58000;2020;10;1430,63
1136;60000;2020;10;521,55
1136;6110;2020;10;-584,3
1136;64700;2020;10;110
1136;65320;2020;10;69
1136;65460;2020;10;2081,67
1136;65500;2020;10;438,29
1136;65720;2020;10;346,5
1136;8028;2020;10;-90,55
1136;8780;2020;10;14450
1137;31023;2020;10;-40094,57
1137;31033;2020;10;-13432,61
1137;31043;2020;10;-3275,27
1137;31083;2020;10;-2985,92
1137;32013;2020;10;-65
1137;32080;2020;10;-396
1137;34193;2020;10;-15370
1137;5377;2020;10;60,07
1137;54335;2020;10;1252,75
1137;54415;2020;10;202,54
1137;54435;2020;10;180,51
1137;54485;2020;10;136,45
1137;54505;2020;10;28,44
1137;54645;2020;10;125,1
1137;55315;2020;10;679,81
1137;56315;2020;10;569,96
1137;56465;2020;10;23,43
1137;57005;2020;10;2746,75
1137;58005;2020;10;933,25
1137;59005;2020;10;2256,33
1137;6110;2020;10;-990,81
1137;6300;2020;10;527,68
1137;64625;2020;10;199,1
1137;65315;2020;10;363
1137;65325;2020;10;713,75
1137;65335;2020;10;1836,36
1137;65415;2020;10;989,52
1138;13820;2020;10;770
1138;31023;2020;10;-58839,53
1138;31093;2020;10;-20551
1138;34193;2020;10;-1898,8
1138;53320;2020;10;10417,68
1138;5377;2020;10;59,83
1138;54310;2020;10;532,51
1138;54410;2020;10;1019,37
1138;54480;2020;10;337,74
1138;54530;2020;10;731,2
1138;54640;2020;10;539,4
1138;55310;2020;10;512,91
1138;57000;2020;10;1743,66
1138;58000;2020;10;160,64
1138;59000;2020;10;4544,75
1138;60000;2020;10;137,69
1138;6110;2020;10;-218,67
1138;64620;2020;10;125,69
1138;65410;2020;10;142,76
1138;65460;2020;10;583,9
1138;65500;2020;10;264,75
1138;65700;2020;10;1387
1138;67500;2020;10;18988,39
1139;31023;2020;10;-26086,84
1139;5331;2020;10;1160,64
1139;5377;2020;10;43,93
1139;6110;2020;10;-133,86
1139;6550;2020;10;4885,6
1139;65500;2020;10;-4885,6
1140;31023;2020;10;-19994,56
1140;5331;2020;10;1160,64
1140;5377;2020;10;43,84
1140;6110;2020;10;-117,24
1141;13820;2020;10;5618,78
1141;31023;2020;10;3374,19
1141;31043;2020;10;-456
1141;31093;2020;10;-25036,8
1141;32060;2020;10;-5,69
1141;5377;2020;10;57,4
1141;54410;2020;10;5275,75
1141;54480;2020;10;1020
1141;54640;2020;10;103,61
1141;54800;2020;10;3302,47
1141;56310;2020;10;450
1141;56320;2020;10;391,25
1141;57000;2020;10;2116,4
1141;58000;2020;10;1281,16
1141;59000;2020;10;1728,26
1141;60000;2020;10;394,79
1141;60800;2020;10;303,87
1141;6110;2020;10;-975,15
1141;64650;2020;10;1492,14
1141;65330;2020;10;1730,21
1141;65410;2020;10;2929,9
1141;65500;2020;10;2816,01
1141;8700;2020;10;674,27
1142;13820;2020;10;2744,6
1142;31023;2020;10;-185363,91
1142;31093;2020;10;-18064,58
1142;32190;2020;10;-2205,82
1142;53320;2020;10;195
1142;5377;2020;10;78,66
1142;54310;2020;10;1250
1142;54330;2020;10;60
1142;54410;2020;10;911,24
1142;54470;2020;10;280
1142;54480;2020;10;240
1142;54500;2020;10;4,25
1142;54530;2020;10;65
1142;54640;2020;10;208,55
1142;57000;2020;10;5043,36
1142;58000;2020;10;540,16
1142;59000;2020;10;2200,55
1142;60000;2020;10;840,66
1142;6110;2020;10;-868,78
1142;64620;2020;10;113,5
1142;65400;2020;10;1592,01
1142;65500;2020;10;105
1143;31023;2020;10;-59213,3
1143;31033;2020;10;-10945,86
1143;31043;2020;10;-590,39
1143;31080;2020;10;-68,42
1143;31083;2020;10;-12158,77
1143;31093;2020;10;-25806,28
1143;32060;2020;10;-7457,92
1143;32190;2020;10;-1176
1143;34193;2020;10;-85364
1143;5377;2020;10;83,94
1143;5378;2020;10;11,52
1143;54315;2020;10;811,78
1143;54415;2020;10;1196,63
1143;54475;2020;10;1020,84
1143;54485;2020;10;1045,51
1143;54645;2020;10;515,11
1143;54805;2020;10;1340,36
1143;54915;2020;10;22,77
1143;55315;2020;10;812,28
1143;56315;2020;10;1641,81
1143;56465;2020;10;554,19
1143;57005;2020;10;3577,08
1143;57505;2020;10;5728,8
1143;58005;2020;10;1571,42
1143;59005;2020;10;14796,24
1143;60005;2020;10;2416,85
1143;6110;2020;10;-1632,18
1143;62135;2020;10;18,82
1143;64705;2020;10;18133,73
1143;65305;2020;10;2018,46
1143;65315;2020;10;858,54
1143;65325;2020;10;6589,07
1143;65335;2020;10;31477,34
1143;65465;2020;10;852,43
1143;65505;2020;10;3087,06
1143;65705;2020;10;260,07
1143;80224;2020;10;-68,55
1144;13825;2020;10;11861,35
1144;31023;2020;10;-76384,18
1144;31033;2020;10;-19566,4
1144;31043;2020;10;-4249,3
1144;31080;2020;10;-5043,81
1144;31083;2020;10;-600
1144;31093;2020;10;-100851,91
1144;32013;2020;10;-1725,3
1144;32193;2020;10;-248
1144;34193;2020;10;-83020,01
1144;5377;2020;10;59,12
1144;54315;2020;10;4433,16
1144;54335;2020;10;495,88
1144;5441;2020;10;3383,82
1144;54415;2020;10;2719,37
1144;54475;2020;10;3206,75
1144;54485;2020;10;2631,31
1144;54495;2020;10;128,01
1144;54505;2020;10;145,1
1144;54535;2020;10;229,59
1144;54645;2020;10;412,33
1144;54805;2020;10;372,18
1144;55315;2020;10;530,29
1144;56315;2020;10;4680,01
1144;56465;2020;10;994,44
1144;56805;2020;10;991,39
1144;57005;2020;10;6561,18
1144;58005;2020;10;6669,27
1144;59005;2020;10;20457,63
1144;60005;2020;10;3210,21
1144;60405;2020;10;204,55
1144;6110;2020;10;-1169,34
1144;64625;2020;10;1332,36
1144;64755;2020;10;2354,4
1144;65325;2020;10;478,33
1144;65335;2020;10;178,56
1144;65405;2020;10;507,33
1144;65415;2020;10;587,21
1144;65465;2020;10;952,9
1144;65505;2020;10;8130,29
1144;67505;2020;10;-9946,03
1145;31023;2020;10;-8730,09
1145;31323;2020;10;-3227,32
1145;5331;2020;10;1160,64
1145;5377;2020;10;60,38
1145;6110;2020;10;-84,04
1145;6211;2020;10;1613,66
1146;31023;2020;10;-20417,78
1146;32113;2020;10;62,3
1146;5377;2020;10;66,34
1146;6110;2020;10;-62,3
1147;31023;2020;10;-15559,19
1147;31323;2020;10;-0,01
1147;32113;2020;10;58,79
1147;5377;2020;10;75,09
1147;6110;2020;10;-58,79
1147;6211;2020;10;0,01
1148;31023;2020;10;-14198,83
1148;5377;2020;10;67,92
1148;6110;2020;10;-84,7
1149;31023;2020;10;-13806,87
1149;32193;2020;10;-153,41
1149;5377;2020;10;66,34
1149;6110;2020;10;-77,26
1150;13820;2020;10;3944104,7
1150;31023;2020;10;-72072,99
1150;32063;2020;10;-2072,28
1150;5377;2020;10;56,89
1150;5378;2020;10;203,16
1150;54310;2020;10;1256,13
1150;54410;2020;10;288
1150;54450;2020;10;422,13
1150;54470;2020;10;285,28
1150;54480;2020;10;277,73
1150;54490;2020;10;887,19
1150;54530;2020;10;12,9
1150;54640;2020;10;13,92
1150;57000;2020;10;1520,33
1150;57500;2020;10;1215,52
1150;58000;2020;10;1659,2
1150;59000;2020;10;3783,79
1150;60000;2020;10;410,28
1150;60005;2020;10;483,81
1150;6110;2020;10;-2477
1150;65320;2020;10;671,46
1150;65460;2020;10;1123,12
1150;65500;2020;10;708,74
1150;65700;2020;10;195
1150;8700;2020;10;3572,47
1151;31093;2020;10;-9401,94
1151;34193;2020;10;-52084,54
1151;5331;2020;10;3421,78
1151;5332;2020;10;483,6
1151;5377;2020;10;53,3
1151;5431;2020;10;1218,68
1151;5441;2020;10;2131,47
1151;5445;2020;10;673,32
1151;5447;2020;10;121,86
1151;5480;2020;10;18,72
1151;5631;2020;10;758,79
1151;5632;2020;10;57,49
1151;5680;2020;10;5,47
1151;5700;2020;10;1094,89
1151;5900;2020;10;1836,56
1151;6000;2020;10;541,37
1151;6110;2020;10;-333,42
1151;6532;2020;10;289,61
1152;31023;2020;10;-17596,26
1152;5377;2020;10;56,72
1152;6110;2020;10;-114,01
1154;31023;2020;10;-9002,26
1154;5331;2020;10;1160,64
1154;5377;2020;10;46,85
1154;6110;2020;10;-116,14
1154;80224;2020;10;-11,03
1155;31023;2020;10;-8920,53
1155;31093;2020;10;-1387,92
1155;5331;2020;10;1160,64
1155;5377;2020;10;45,42
1155;6110;2020;10;-91,27
1156;31023;2020;10;-90288,97
1156;31080;2020;10;-8331,46
1156;31093;2020;10;-14500
1156;32193;2020;10;-1045,95
1156;5331;2020;10;1082,52
1156;5377;2020;10;76,91
1156;5389;2020;10;15
1156;5441;2020;10;832,54
1156;6110;2020;10;-916,52
1156;62130;2020;10;250
1157;13820;2020;10;-6012,85
1157;31023;2020;10;-58187,46
1157;31033;2020;10;-23739,91
1157;31043;2020;10;-369,49
1157;31093;2020;10;-37775,19
1157;32190;2020;10;-228,5
1157;34193;2020;10;-27904,19
1157;53315;2020;10;4628,11
1157;5377;2020;10;70,7
1157;54305;2020;10;1516,75
1157;54315;2020;10;894,86
1157;54335;2020;10;1079,16
1157;54415;2020;10;779,31
1157;54455;2020;10;126,56
1157;54495;2020;10;66,88
1157;54645;2020;10;15,11
1157;54805;2020;10;567,73
1157;55315;2020;10;683,5
1157;56315;2020;10;402,18
1157;56465;2020;10;79,29
1157;57005;2020;10;2642,37
1157;58005;2020;10;1019,79
1157;59005;2020;10;5957,95
1157;60005;2020;10;944,25
1157;6110;2020;10;-174,82
1157;65325;2020;10;325,18
1157;65335;2020;10;18569,21
1157;65505;2020;10;1183,04
1157;65705;2020;10;238,02
1157;67505;2020;10;16820,17
1158;31023;2020;10;-36018,26
1158;31083;2020;10;-500,25
1158;32113;2020;10;-2560,5
1158;32123;2020;10;-415,63
1158;32193;2020;10;-834,75
1158;5331;2020;10;1160,64
1158;5377;2020;10;44,2
1158;5464;2020;10;357,75
1158;6110;2020;10;-2317,24
1158;6211;2020;10;22076,23
1158;6222;2020;10;225
1159;31023;2020;10;-8957
1159;32193;2020;10;-153,41
1159;5331;2020;10;1160,64
1159;5377;2020;10;45,38
1159;6110;2020;10;-61,46
1162;31023;2020;10;-13521,51
1162;31323;2020;10;-1476,77
1162;32193;2020;10;-156
1162;34193;2020;10;-300
1162;5331;2020;10;1160,64
1162;5377;2020;10;40,48
1162;5441;2020;10;78
1162;6110;2020;10;-93,2
1162;6211;2020;10;1476,77
1163;31023;2020;10;-13578,17
1163;5331;2020;10;1160,64
1163;5377;2020;10;43,84
1163;6110;2020;10;-142,3
1164;31023;2020;10;-20591,68
1164;32110;2020;10;-1543,25
1164;32120;2020;10;-9244,74
1164;32190;2020;10;-123,72
1164;53310;2020;10;936
1164;5377;2020;10;45,42
1164;6110;2020;10;-176,22
1164;6300;2020;10;4622,37
1164;8780;2020;10;6,25
1165;31023;2020;10;-9741,89
1165;31093;2020;10;-5229,17
1165;53310;2020;10;936
1165;5377;2020;10;48,5
1165;6110;2020;10;-154,62
1167;31023;2020;10;-13795,5
1167;5331;2020;10;1160,64
1167;5377;2020;10;46,96
1167;6110;2020;10;-138,01
1170;31023;2020;10;-16653,21
1170;31093;2020;10;-3787,5
1170;53310;2020;10;1485
1170;5377;2020;10;48,77
1170;54310;2020;10;650
1170;59000;2020;10;476,09
1170;60000;2020;10;216,53
1170;6110;2020;10;-234,69
1171;31023;2020;10;-15704,29
1171;31093;2020;10;-2995,83
1171;53310;2020;10;1485
1171;5377;2020;10;48,59
1171;54310;2020;10;675
1171;59000;2020;10;1144,65
1171;6110;2020;10;-264,46
1172;31023;2020;10;-20117,18
1172;32053;2020;10;-726,24
1172;34193;2020;10;-363,12
1172;5331;2020;10;1354,08
1172;5377;2020;10;46,96
1172;6000;2020;10;363,12
1172;6110;2020;10;-188,02
1173;31023;2020;10;-11229,81
1173;32193;2020;10;-50
1173;5331;2020;10;1160,64
1173;5377;2020;10;45,42
1173;5800;2020;10;50
1173;6110;2020;10;-122,2
1173;6211;2020;10;1760,68
1174;31023;2020;10;-12183,12
1174;5331;2020;10;1160,64
1174;5377;2020;10;47
1174;6110;2020;10;-123,23
1175;31023;2020;10;-10811,67
1175;5331;2020;10;1160,64
1175;5377;2020;10;46,96
1175;5447;2020;10;248
1175;6110;2020;10;-107,67
1176;31023;2020;10;-11468,77
1176;5331;2020;10;1160,64
1176;5377;2020;10;45,42
1176;6110;2020;10;-121,69
1177;31023;2020;10;-11811,02
1177;5331;2020;10;1160,64
1177;5377;2020;10;34,88
1177;6110;2020;10;-123,58
1178;31023;2020;10;-31536,85
1178;5331;2020;10;1354,08
1178;5377;2020;10;45,42
1178;5378;2020;10;15
1178;6110;2020;10;-502,18
1178;6211;2020;10;1873,18
1178;8700;2020;10;37,66
1179;13960;2020;10;110
1179;31023;2020;10;-29679,77
1179;31033;2020;10;-69723,52
1179;31043;2020;10;-2703,8
1179;31080;2020;10;-2611,95
1179;31083;2020;10;-95,17
1179;31093;2020;10;-28488,15
1179;34193;2020;10;-26485,2
1179;5376;2020;10;561,31
1179;5377;2020;10;62,52
1179;54315;2020;10;296,85
1179;54335;2020;10;216,75
1179;54415;2020;10;192,21
1179;54455;2020;10;173,65
1179;54475;2020;10;95,76
1179;54485;2020;10;102,8
1179;54495;2020;10;922,5
1179;54505;2020;10;136,11
1179;54645;2020;10;570,13
1179;54805;2020;10;469,3
1179;55315;2020;10;278,93
1179;56315;2020;10;1528,27
1179;56465;2020;10;120,4
1179;56805;2020;10;342,33
1179;57005;2020;10;3674,48
1179;59005;2020;10;6445,18
1179;60005;2020;10;2579,41
1179;6110;2020;10;-1101,31
1179;64605;2020;10;390,65
1179;64625;2020;10;2394,07
1179;65325;2020;10;676,44
1179;65335;2020;10;306,56
1179;65415;2020;10;1114,04
1179;65505;2020;10;869,79
1179;65705;2020;10;2124,94
1179;67505;2020;10;28987,42
1179;69000;2020;10;15317,66
1180;31023;2020;10;-14259,07
1180;5331;2020;10;1547,52
1180;5377;2020;10;43,84
1180;6110;2020;10;-331,31
1180;6900;2020;10;2356
1181;31023;2020;10;-12774,28
1181;31323;2020;10;-920,82
1181;32193;2020;10;-153,41
1181;5331;2020;10;1354,08
1181;5377;2020;10;45,38
1181;6110;2020;10;-214,11
1181;6211;2020;10;920,82
1182;31023;2020;10;-8546
1182;32113;2020;10;150,82
1182;32123;2020;10;-4612,88
1182;5331;2020;10;1160,64
1182;5377;2020;10;34,88
1182;6110;2020;10;-150,82
1182;6300;2020;10;4612,88
1184;31023;2020;10;-22573,61
1184;32193;2020;10;-153,41
1184;5331;2020;10;1160,64
1184;5377;2020;10;43,84
1184;6110;2020;10;-226,9
1184;6900;2020;10;372
1185;31023;2020;10;-14600
1185;5331;2020;10;1160,64
1185;5377;2020;10;47,22
1185;5464;2020;10;50
1185;6110;2020;10;-182
1186;31023;2020;10;-19103,17
1186;5331;2020;10;1160,64
1186;5377;2020;10;47
1186;5800;2020;10;640
1186;6110;2020;10;-207,31
1187;31023;2020;10;-17159,42
1187;5331;2020;10;1160,64
1187;5377;2020;10;43,84
1187;6110;2020;10;-203,29
1187;6900;2020;10;558
1188;31023;2020;10;-16994,06
1188;5331;2020;10;1160,64
1188;5377;2020;10;36,46
1188;6110;2020;10;-203,9
1188;6900;2020;10;868
1189;31023;2020;10;-13840,3
1189;31323;2020;10;-1831,3
1189;5331;2020;10;1160,64
1189;5377;2020;10;43,84
1189;6110;2020;10;-194,54
1189;6211;2020;10;1831,3
1189;6900;2020;10;496
1190;32013;2020;10;-922,13
1190;32193;2020;10;-236,43
1190;34193;2020;10;-45900
1190;5331;2020;10;1160,64
1190;5377;2020;10;41,62
1190;5441;2020;10;152,94
1190;5800;2020;10;1818,46
1190;6110;2020;10;-407,15
1191;31023;2020;10;-10911,55
1191;32013;2020;10;-661,01
1191;32063;2020;10;-582,76
1191;32083;2020;10;-272,37
1191;5331;2020;10;1160,64
1191;5377;2020;10;52,01
1191;5700;2020;10;278,05
1191;5900;2020;10;606,5
1191;6110;2020;10;-116,8
1192;13820;2020;10;602,25
1192;53310;2020;10;936
1192;5377;2020;10;51,61
1192;5389;2020;10;35
1192;54530;2020;10;250,68
1192;57000;2020;10;653,14
1192;58000;2020;10;145,64
1192;59000;2020;10;598,04
1192;6110;2020;10;-236,3
1192;62220;2020;10;40,32
1193;31093;2020;10;-13536
1193;34193;2020;10;-39407
1193;53310;2020;10;4314
1193;5377;2020;10;52,88
1193;54310;2020;10;300
1193;54330;2020;10;176,14
1193;54450;2020;10;590
1193;54470;2020;10;70
1193;54480;2020;10;405
1193;54640;2020;10;73,88
1193;55310;2020;10;400
1193;57000;2020;10;2078,65
1193;59000;2020;10;2085,39
1193;60000;2020;10;745,79
1193;6110;2020;10;-391,13
1193;65320;2020;10;421,94
1193;65500;2020;10;152,6
1194;13820;2020;10;468
1194;31023;2020;10;-409721,73
1194;31083;2020;10;-19740,23
1194;31093;2020;10;-9228,85
1194;32060;2020;10;-4744,23
1194;34193;2020;10;-30621,06
1194;53310;2020;10;4200
1194;5377;2020;10;60,06
1194;54310;2020;10;7407,45
1194;54330;2020;10;102,2
1194;54410;2020;10;1748,44
1194;54430;2020;10;70,83
1194;54450;2020;10;395,34
1194;54470;2020;10;1150,1
1194;54490;2020;10;180
1194;54500;2020;10;265,2
1194;54530;2020;10;850
1194;54640;2020;10;532,5
1194;54800;2020;10;417,24
1194;55310;2020;10;2390
1194;56800;2020;10;528
1194;57000;2020;10;9506,94
1194;57500;2020;10;2530,29
1194;58000;2020;10;3333,6
1194;59000;2020;10;26667,35
1194;6110;2020;10;-2030,38
1194;6300;2020;10;0,01
1194;65310;2020;10;384,68
1194;65410;2020;10;118,42
1194;65500;2020;10;53,4
1194;65720;2020;10;3200
1195;31023;2020;10;-76922,79
1195;31040;2020;10;-2851,6
1195;31080;2020;10;-1102,98
1195;31083;2020;10;-367,63
1195;31093;2020;10;-40605,32
1195;32010;2020;10;-113,41
1195;32013;2020;10;-907,53
1195;32060;2020;10;-1645,06
1195;32063;2020;10;-2605,89
1195;34193;2020;10;-68245,06
1195;5377;2020;10;61,78
1195;54315;2020;10;1932,94
1195;54335;2020;10;1623,96
1195;54415;2020;10;2731,89
1195;54435;2020;10;36,37
1195;54455;2020;10;262,89
1195;54475;2020;10;303
1195;54495;2020;10;124,51
1195;54505;2020;10;43,03
1195;54535;2020;10;155,52
1195;54645;2020;10;514,94
1195;54805;2020;10;996,2
1195;54915;2020;10;380,12
1195;55325;2020;10;1567,72
1195;56315;2020;10;535,1
1195;57005;2020;10;5000,82
1195;58005;2020;10;1807,82
1195;59005;2020;10;18136,52
1195;60005;2020;10;979,21
1195;60805;2020;10;135,37
1195;6110;2020;10;-1372,96
1195;64625;2020;10;931,18
1195;65325;2020;10;1503,54
1195;65335;2020;10;787,38
1195;65415;2020;10;7314,37
1195;65505;2020;10;4001,07
1195;65705;2020;10;1092,95
1196;31023;2020;10;-15533,71
1196;32123;2020;10;-6561,04
1196;32193;2020;10;-123,5
1196;5331;2020;10;1160,64
1196;5377;2020;10;47,13
1196;5531;2020;10;123,5
1196;6110;2020;10;-34,26
1196;6300;2020;10;6561,04
1197;32063;2020;10;-420,74
1197;32083;2020;10;-1575,09
1197;32113;2020;10;508,23
1197;32123;2020;10;410,03
1197;32193;2020;10;77,09
1197;5331;2020;10;1744,68
1197;5377;2020;10;45,42
1197;5431;2020;10;206,96
1197;5441;2020;10;978,6
1197;5700;2020;10;2543,59
1197;5900;2020;10;420,74
1197;6110;2020;10;-151,49
1197;8700;2020;10;0,57
1198;13825;2020;10;-30415,69
1198;31023;2020;10;-20127,59
1198;31033;2020;10;-6978,42
1198;31043;2020;10;-1804,11
1198;31080;2020;10;-190,94
1198;31083;2020;10;-1293,71
1198;31093;2020;10;-928,42
1198;34193;2020;10;-53124,4
1198;5377;2020;10;62,14
1198;53785;2020;10;24,02
1198;54315;2020;10;409,93
1198;54415;2020;10;65,37
1198;54485;2020;10;345,11
1198;54495;2020;10;3217,74
1198;54505;2020;10;16,51
1198;54535;2020;10;99,71
1198;54645;2020;10;197,21
1198;54805;2020;10;553,96
1198;55315;2020;10;509,65
1198;56315;2020;10;393,7
1198;56325;2020;10;221,59
1198;57005;2020;10;2693,63
1198;58005;2020;10;1037,74
1198;59005;2020;10;3652,26
1198;60005;2020;10;1156,19
1198;6110;2020;10;-923,31
1198;64705;2020;10;926,67
1198;67505;2020;10;30964,11
1198;80224;2020;10;-2,56
1199;31023;2020;10;-18740,76
1199;31043;2020;10;-1873,26
1199;31083;2020;10;-625
1199;34193;2020;10;-27483,99
1199;5377;2020;10;61,86
1199;54315;2020;10;1566,63
1199;54485;2020;10;25,27
1199;54535;2020;10;110,44
1199;54645;2020;10;124,33
1199;56465;2020;10;59,21
1199;57005;2020;10;2289,4
1199;59005;2020;10;2184,76
1199;60805;2020;10;354,16
1199;6110;2020;10;-525,31
1199;65325;2020;10;200,38
1199;65415;2020;10;137,96
1199;65465;2020;10;8434,46
1200;31023;2020;10;-239256,39
1200;32063;2020;10;-25,59
1200;32193;2020;10;-1166,05
1200;53315;2020;10;1112,12
1200;5377;2020;10;52,35
1200;54415;2020;10;146,54
1200;6110;2020;10;-390,25
1202;31020;2020;10;-2348,11
1202;31023;2020;10;-31915,57
1202;53315;2020;10;979,28
1202;5377;2020;10;55,62
1202;53895;2020;10;106,66
1202;54315;2020;10;983,1
1202;54415;2020;10;1622,43
1202;54485;2020;10;497,73
1202;54535;2020;10;330,15
1202;54645;2020;10;66,99
1202;54805;2020;10;324,04
1202;56315;2020;10;519,99
1202;56465;2020;10;275,9
1202;57005;2020;10;2482,99
1202;58005;2020;10;1312,79
1202;59005;2020;10;2338,27
1202;60805;2020;10;706,82
1202;65325;2020;10;519,2
1202;65505;2020;10;77,39
1203;32193;2020;10;-213,59
1203;34193;2020;10;-37245
1203;5331;2020;10;1354,08
1203;5377;2020;10;46,85
1203;5531;2020;10;213,59
1203;6110;2020;10;-481,61
1204;31023;2020;10;-16267,31
1204;5331;2020;10;1160,64
1204;5377;2020;10;34,88
1204;5800;2020;10;300
1204;6110;2020;10;-203,17
1205;31023;2020;10;-30870,39
1205;31033;2020;10;-67758,8
1205;31043;2020;10;-823,8
1205;31083;2020;10;-4393,59
1205;31093;2020;10;-34998,57
1205;5377;2020;10;53,89
1205;54315;2020;10;299,07
1205;54415;2020;10;1368,61
1205;54455;2020;10;419,21
1205;54645;2020;10;612,73
1205;55315;2020;10;664,6
1205;56315;2020;10;1138,73
1205;56465;2020;10;312,1
1205;56805;2020;10;225,71
1205;57005;2020;10;4273,42
1205;5800;2020;10;480
1205;58005;2020;10;768,35
1205;59005;2020;10;3841,59
1205;60005;2020;10;667,28
1205;6110;2020;10;-627,49
1205;65335;2020;10;114,15
1205;65505;2020;10;4543,95
1205;65705;2020;10;306,94
1205;65725;2020;10;1990,99
1206;13820;2020;10;220
1206;31023;2020;10;-87637,17
1206;31043;2020;10;-2110,97
1206;31093;2020;10;-19988,23
1206;32063;2020;10;-5000
1206;34193;2020;10;-1978,17
1206;53310;2020;10;4575
1206;5377;2020;10;56,68
1206;54310;2020;10;730,38
1206;54410;2020;10;616,48
1206;54450;2020;10;1489,82
1206;54480;2020;10;148
1206;54500;2020;10;275,9
1206;54530;2020;10;67,04
1206;54800;2020;10;222,5
1206;55310;2020;10;1477,11
1206;57000;2020;10;3860,44
1206;58000;2020;10;846,4
1206;59000;2020;10;6974,33
1206;60000;2020;10;539,53
1206;6110;2020;10;-581,77
1206;64620;2020;10;1454,74
1206;64700;2020;10;2612,14
1206;65320;2020;10;1440,84
1206;65500;2020;10;412,02
1206;8700;2020;10;7,61
1207;13820;2020;10;-814
1207;31023;2020;10;-44729,71
1207;31043;2020;10;-3592,9
1207;31083;2020;10;-142,1
1207;31093;2020;10;-8615,92
1207;32063;2020;10;-1707,53
1207;34193;2020;10;-3184,9
1207;5377;2020;10;53,71
1207;54310;2020;10;512,34
1207;54330;2020;10;212,05
1207;54470;2020;10;949,6
1207;54530;2020;10;65
1207;54640;2020;10;2,53
1207;54800;2020;10;362,5
1207;55310;2020;10;446,88
1207;57000;2020;10;3337,85
1207;58000;2020;10;399,16
1207;59000;2020;10;2346,5
1207;60000;2020;10;568
1207;6110;2020;10;-304,35
1207;64620;2020;10;383,2
1207;65500;2020;10;467,9
1207;68900;2020;10;814
1207;8700;2020;10;5,66
1208;13820;2020;10;165
1208;31023;2020;10;-39299,7
1208;31093;2020;10;-13720,08
1208;32063;2020;10;-2349,07
1208;34193;2020;10;-6176,14
1208;53310;2020;10;4239
1208;5377;2020;10;57,77
1208;54310;2020;10;558,67
1208;54410;2020;10;1794,89
1208;54450;2020;10;1204,64
1208;54480;2020;10;107,26
1208;54800;2020;10;245
1208;55310;2020;10;465,07
1208;57000;2020;10;1112,15
1208;58000;2020;10;379,7
1208;59000;2020;10;1441,66
1208;60000;2020;10;233,61
1208;6110;2020;10;-272,64
1208;62130;2020;10;963,67
1208;64620;2020;10;416,09
1208;64700;2020;10;407,9
1208;65320;2020;10;104
1208;65400;2020;10;3221,63
1208;65410;2020;10;593,23
1208;8700;2020;10;3,06
1209;31023;2020;10;-169395,06
1209;31080;2020;10;-1468,5
1209;31083;2020;10;-1500
1209;31093;2020;10;-14507,7
1209;34193;2020;10;-6798,73
1209;53320;2020;10;385
1209;5377;2020;10;64,33
1209;54310;2020;10;3448,54
1209;54330;2020;10;970,3
1209;5441;2020;10;98,4
1209;54410;2020;10;6203,74
1209;54470;2020;10;107
1209;54480;2020;10;444
1209;54500;2020;10;517,5
1209;54640;2020;10;16,79
1209;54800;2020;10;378,04
1209;55310;2020;10;2017,17
1209;56310;2020;10;5339,18
1209;56320;2020;10;120
1209;56460;2020;10;166,64
1209;56800;2020;10;212,6
1209;57000;2020;10;3432,95
1209;58000;2020;10;892,2
1209;59000;2020;10;13823,29
1209;60000;2020;10;1111,81
1209;6110;2020;10;-663,56
1209;64620;2020;10;83,09
1209;64700;2020;10;1318,2
1209;65500;2020;10;2180,93
1209;67500;2020;10;148660,13
1210;31023;2020;10;-10464,46
1210;5331;2020;10;1160,64
1210;5377;2020;10;38,04
1210;5531;2020;10;126,16
1210;6110;2020;10;-141,41
1210;6300;2020;10;2297,95
1211;31023;2020;10;-17574,49
1211;53310;2020;10;936
1211;5377;2020;10;46,7
1211;6110;2020;10;-234,31
1212;14001;2020;10;-47728,5
1212;31323;2020;10;-18584,43
1212;34193;2020;10;-26363,16
1212;5341;2020;10;620
1212;5377;2020;10;47,6
1212;6110;2020;10;-278,46
1213;31023;2020;10;-29637
1213;5331;2020;10;1354,08
1213;5377;2020;10;45,38
1213;6110;2020;10;-340,95
1215;31013;2020;10;-1144,65
1215;31020;2020;10;-185,47
1215;31023;2020;10;-132036,17
1215;31033;2020;10;-32965,54
1215;31043;2020;10;-3100,45
1215;31080;2020;10;-3584,47
1215;31083;2020;10;-6736,73
1215;31093;2020;10;-75985,97
1215;32010;2020;10;-2421,06
1215;32060;2020;10;-30
1215;34193;2020;10;-166684,97
1215;5341;2020;10;519,72
1215;5377;2020;10;80,36
1215;53895;2020;10;810,74
1215;54305;2020;10;3118,22
1215;54315;2020;10;826,41
1215;54335;2020;10;1076,22
1215;54415;2020;10;4756
1215;54455;2020;10;100,56
1215;54475;2020;10;409,04
1215;54485;2020;10;461,03
1215;54535;2020;10;687,57
1215;54645;2020;10;185,73
1215;54805;2020;10;310,78
1215;55315;2020;10;944,68
1215;55325;2020;10;203,72
1215;56315;2020;10;2121,43
1215;56325;2020;10;348,41
1215;56465;2020;10;118,1
1215;56805;2020;10;111,32
1215;57005;2020;10;3258,29
1215;57505;2020;10;3651,62
1215;58005;2020;10;3745,42
1215;60005;2020;10;1029,66
1215;6110;2020;10;-2807,28
1215;61105;2020;10;1125,17
1215;62135;2020;10;2429,1
1215;64625;2020;10;323,69
1215;64705;2020;10;830,36
1215;65325;2020;10;1110,34
1215;65415;2020;10;688,35
1215;65505;2020;10;567,97
1215;65705;2020;10;1568,48
1215;69000;2020;10;751,5
1215;80224;2020;10;-2,28
1218;1382;2020;10;628940
1218;5332;2020;10;80,6
1218;5377;2020;10;38,52
71030;5331;2020;10;14142,57
71030;5336;2020;10;4942095,56
71030;5341;2020;10;103,42
71030;5360;2020;10;8833,29
71030;5364;2020;10;56794,27
71030;5365;2020;10;1408,39
71030;5367;2020;10;72809,63
71030;5376;2020;10;36189,53
71030;5377;2020;10;13070,99
71030;5379;2020;10;2808,93
71030;5900;2020;10;1199,6
71030;6110;2020;10;-8648,41
71030;6211;2020;10;7576,94
71030;6489;2020;10;19556,98
71030;6871;2020;10;1515,75
71030;68710;2020;10;962,79
71030;8600;2020;10;1155111,12
71030;8800;2020;10;648,4
71030;88004;2020;10;404,52
